﻿<parameters>
  <parameter name="Standalone Connection String" description="Connection string to enter into config" defaultValue="Data Source={Database Server Name};Initial Catalog={Master DB Name};User ID={Master DB User Name};Password={Master DB User Password}" tags="SQL, Hidden,NoStore">
    <parameterEntry kind="XmlFile" scope="App_Config\\ConnectionStrings\.config$" match="//connectionStrings/add[@name='standalone']/@connectionString" />
  </parameter>
  <parameter name="Base Standalone Connection String" description="Connection string to enter into config" defaultValue="Data Source={Database Server Name};Initial Catalog={Master DB Name};User ID={Master DB User Name};Password={Master DB User Password}" tags="SQL, Hidden,NoStore">
    <parameterEntry kind="XmlFile" scope="App_Config\\ConnectionStrings\.config$" match="//connectionStrings/add[@name='base-standalone']/@connectionString" />
  </parameter>
  <parameter name="MySite Standalone Connection String" description="Connection string to enter into config" defaultValue="Data Source={Database Server Name};Initial Catalog={Master DB Name};User ID={Master DB User Name};Password={Master DB User Password}" tags="SQL, Hidden,NoStore">
    <parameterEntry kind="XmlFile" scope="App_Config\\ConnectionStrings\.config$" match="//connectionStrings/add[@name='mysite-standalone']/@connectionString" />
  </parameter>
  <parameter name="Foundation MyComp Standalone Connection String" description="Connection string to enter into config" defaultValue="Data Source={Database Server Name};Initial Catalog={Master DB Name};User ID={Master DB User Name};Password={Master DB User Password}" tags="SQL, Hidden,NoStore">
    <parameterEntry kind="XmlFile" scope="App_Config\\ConnectionStrings\.config$" match="//connectionStrings/add[@name='foundation-mycomp-standalone']/@connectionString" />
  </parameter>
  <parameter name="Feature MyComp Standalone Connection String" description="Connection string to enter into config" defaultValue="Data Source={Database Server Name};Initial Catalog={Master DB Name};User ID={Master DB User Name};Password={Master DB User Password}" tags="SQL, Hidden,NoStore">
    <parameterEntry kind="XmlFile" scope="App_Config\\ConnectionStrings\.config$" match="//connectionStrings/add[@name='feature-mycomp-standalone']/@connectionString" />
  </parameter>
  <parameter name="IIS Web Application Name">
    <parameterEntry kind="ProviderPath" scope="contentpath" match="C:\\git\\Repos\\create-sitecore-monopackages\\msdeploy\\out\\Standalone" />
  </parameter>
</parameters>