﻿<parameters>
  <parameter name="CD Connection String" description="Connection string to enter into config" defaultValue="Data Source={Database Server Name};Initial Catalog={Master DB Name};User ID={Master DB User Name};Password={Master DB User Password}" tags="SQL, Hidden,NoStore">
    <parameterEntry kind="XmlFile" scope="App_Config\\ConnectionStrings\.config$" match="//connectionStrings/add[@name='cd']/@connectionString" />
  </parameter>
  <parameter name="Base CD Connection String" description="Connection string to enter into config" defaultValue="Data Source={Database Server Name};Initial Catalog={Master DB Name};User ID={Master DB User Name};Password={Master DB User Password}" tags="SQL, Hidden,NoStore">
    <parameterEntry kind="XmlFile" scope="App_Config\\ConnectionStrings\.config$" match="//connectionStrings/add[@name='base-cd']/@connectionString" />
  </parameter>
  <parameter name="MySite CD Connection String" description="Connection string to enter into config" defaultValue="Data Source={Database Server Name};Initial Catalog={Master DB Name};User ID={Master DB User Name};Password={Master DB User Password}" tags="SQL, Hidden,NoStore">
    <parameterEntry kind="XmlFile" scope="App_Config\\ConnectionStrings\.config$" match="//connectionStrings/add[@name='mysite-cd']/@connectionString" />
  </parameter>
  <parameter name="Foundation MyComp CD Connection String" description="Connection string to enter into config" defaultValue="Data Source={Database Server Name};Initial Catalog={Master DB Name};User ID={Master DB User Name};Password={Master DB User Password}" tags="SQL, Hidden,NoStore">
    <parameterEntry kind="XmlFile" scope="App_Config\\ConnectionStrings\.config$" match="//connectionStrings/add[@name='foundation-mycomp-cd']/@connectionString" />
  </parameter>
  <parameter name="Feature MyComp CD Connection String" description="Connection string to enter into config" defaultValue="Data Source={Database Server Name};Initial Catalog={Master DB Name};User ID={Master DB User Name};Password={Master DB User Password}" tags="SQL, Hidden,NoStore">
    <parameterEntry kind="XmlFile" scope="App_Config\\ConnectionStrings\.config$" match="//connectionStrings/add[@name='feature-mycomp-cd']/@connectionString" />
  </parameter>
  <parameter name="IIS Web Application Name">
    <parameterEntry kind="ProviderPath" scope="contentpath" match="C:\\git\\Repos\\create-sitecore-monopackages\\msdeploy\\out\\CD" />
  </parameter>
</parameters>