﻿<parameters>
  <parameter name="CM Connection String" description="Connection string to enter into config" defaultValue="Data Source={Database Server Name};Initial Catalog={Master DB Name};User ID={Master DB User Name};Password={Master DB User Password}" tags="SQL, Hidden,NoStore">
    <parameterEntry kind="XmlFile" scope="App_Config\\ConnectionStrings\.config$" match="//connectionStrings/add[@name='cm']/@connectionString" />
  </parameter>
  <parameter name="Base CM Connection String" description="Connection string to enter into config" defaultValue="Data Source={Database Server Name};Initial Catalog={Master DB Name};User ID={Master DB User Name};Password={Master DB User Password}" tags="SQL, Hidden,NoStore">
    <parameterEntry kind="XmlFile" scope="App_Config\\ConnectionStrings\.config$" match="//connectionStrings/add[@name='base-cm']/@connectionString" />
  </parameter>
  <parameter name="MySite CM Connection String" description="Connection string to enter into config" defaultValue="Data Source={Database Server Name};Initial Catalog={Master DB Name};User ID={Master DB User Name};Password={Master DB User Password}" tags="SQL, Hidden,NoStore">
    <parameterEntry kind="XmlFile" scope="App_Config\\ConnectionStrings\.config$" match="//connectionStrings/add[@name='mysite-cm']/@connectionString" />
  </parameter>
  <parameter name="Foundation MyComp CM Connection String" description="Connection string to enter into config" defaultValue="Data Source={Database Server Name};Initial Catalog={Master DB Name};User ID={Master DB User Name};Password={Master DB User Password}" tags="SQL, Hidden,NoStore">
    <parameterEntry kind="XmlFile" scope="App_Config\\ConnectionStrings\.config$" match="//connectionStrings/add[@name='foundation-mycomp-cm']/@connectionString" />
  </parameter>
  <parameter name="Feature MyComp CM Connection String" description="Connection string to enter into config" defaultValue="Data Source={Database Server Name};Initial Catalog={Master DB Name};User ID={Master DB User Name};Password={Master DB User Password}" tags="SQL, Hidden,NoStore">
    <parameterEntry kind="XmlFile" scope="App_Config\\ConnectionStrings\.config$" match="//connectionStrings/add[@name='feature-mycomp-cm']/@connectionString" />
  </parameter>
  <parameter name="IIS Web Application Name">
    <parameterEntry kind="ProviderPath" scope="contentpath" match="C:\\git\\Repos\\create-sitecore-monopackages\\msdeploy\\out\\CM" />
  </parameter>
</parameters>